2010_002838.jpg,2010_002838.txt
2009_002264.jpg,2009_002264.txt
2009_004020.jpg,2009_004020.txt
004581.jpg,004581.txt
2010_001777.jpg,2010_001777.txt
2009_004170.jpg,2009_004170.txt
2010_002113.jpg,2010_002113.txt
004432.jpg,004432.txt
2008_001023.jpg,2008_001023.txt
2008_004873.jpg,2008_004873.txt
005451.jpg,005451.txt
008216.jpg,008216.txt
2008_001843.jpg,2008_001843.txt
2009_002990.jpg,2009_002990.txt
002767.jpg,002767.txt
2010_000296.jpg,2010_000296.txt
2009_004509.jpg,2009_004509.txt
008819.jpg,008819.txt
005486.jpg,005486.txt
2008_007343.jpg,2008_007343.txt
2008_005588.jpg,2008_005588.txt
2008_001009.jpg,2008_001009.txt
2009_000030.jpg,2009_000030.txt
2011_002234.jpg,2011_002234.txt
2009_004295.jpg,2009_004295.txt
005037.jpg,005037.txt
2008_005512.jpg,2008_005512.txt
2008_007010.jpg,2008_007010.txt
2008_000796.jpg,2008_000796.txt
2009_005042.jpg,2009_005042.txt
2009_004836.jpg,2009_004836.txt
009655.jpg,009655.txt
007003.jpg,007003.txt
001980.jpg,001980.txt
2009_001885.jpg,2009_001885.txt
2008_001504.jpg,2008_001504.txt
004145.jpg,004145.txt
2008_000999.jpg,2008_000999.txt
2009_002204.jpg,2009_002204.txt
2008_008112.jpg,2008_008112.txt
2010_004816.jpg,2010_004816.txt
2010_000098.jpg,2010_000098.txt
001497.jpg,001497.txt
2011_002623.jpg,2011_002623.txt
2011_000413.jpg,2011_000413.txt
2008_000655.jpg,2008_000655.txt
2009_000366.jpg,2009_000366.txt
008512.jpg,008512.txt
002443.jpg,002443.txt
2011_003091.jpg,2011_003091.txt
2009_000867.jpg,2009_000867.txt
003847.jpg,003847.txt
2008_006210.jpg,2008_006210.txt
2008_000270.jpg,2008_000270.txt
001486.jpg,001486.txt
2011_000082.jpg,2011_000082.txt
007517.jpg,007517.txt
2010_005734.jpg,2010_005734.txt
004493.jpg,004493.txt
2011_001176.jpg,2011_001176.txt
2009_002530.jpg,2009_002530.txt
2008_003144.jpg,2008_003144.txt
2011_001791.jpg,2011_001791.txt
2009_002072.jpg,2009_002072.txt
2010_003250.jpg,2010_003250.txt
002633.jpg,002633.txt
2008_004613.jpg,2008_004613.txt
009412.jpg,009412.txt
001443.jpg,001443.txt
008732.jpg,008732.txt
002867.jpg,002867.txt
009147.jpg,009147.txt
008955.jpg,008955.txt
2008_005989.jpg,2008_005989.txt
2009_005287.jpg,2009_005287.txt
005054.jpg,005054.txt
2008_005792.jpg,2008_005792.txt
003991.jpg,003991.txt
002941.jpg,002941.txt
2008_005147.jpg,2008_005147.txt
001045.jpg,001045.txt
2010_004948.jpg,2010_004948.txt
001528.jpg,001528.txt
2008_002032.jpg,2008_002032.txt
2008_000973.jpg,2008_000973.txt
2008_005181.jpg,2008_005181.txt
2008_005794.jpg,2008_005794.txt
2010_003236.jpg,2010_003236.txt
2011_000108.jpg,2011_000108.txt
2008_007758.jpg,2008_007758.txt
002134.jpg,002134.txt
2008_008152.jpg,2008_008152.txt
2010_004129.jpg,2010_004129.txt
2010_002219.jpg,2010_002219.txt
005715.jpg,005715.txt
2009_000500.jpg,2009_000500.txt
002810.jpg,002810.txt
2008_002451.jpg,2008_002451.txt
2010_002312.jpg,2010_002312.txt
2009_000335.jpg,2009_000335.txt
2009_000724.jpg,2009_000724.txt
2009_000151.jpg,2009_000151.txt
2010_005279.jpg,2010_005279.txt
009388.jpg,009388.txt
2009_004723.jpg,2009_004723.txt
002842.jpg,002842.txt
2009_003385.jpg,2009_003385.txt
2008_001992.jpg,2008_001992.txt
2009_000638.jpg,2009_000638.txt
2010_002390.jpg,2010_002390.txt
003834.jpg,003834.txt
2010_003506.jpg,2010_003506.txt
2010_002774.jpg,2010_002774.txt
2009_001851.jpg,2009_001851.txt
2008_001544.jpg,2008_001544.txt
2009_001188.jpg,2009_001188.txt
2009_002977.jpg,2009_002977.txt
2010_004812.jpg,2010_004812.txt
004349.jpg,004349.txt
2009_003222.jpg,2009_003222.txt
2008_006747.jpg,2008_006747.txt
2008_001929.jpg,2008_001929.txt
007130.jpg,007130.txt
008384.jpg,008384.txt
2010_001205.jpg,2010_001205.txt
2008_005643.jpg,2008_005643.txt
002318.jpg,002318.txt
2008_001431.jpg,2008_001431.txt
2008_007729.jpg,2008_007729.txt
2011_002803.jpg,2011_002803.txt
2010_002979.jpg,2010_002979.txt
2010_004363.jpg,2010_004363.txt
2009_005152.jpg,2009_005152.txt
2008_005525.jpg,2008_005525.txt
2010_005111.jpg,2010_005111.txt
009089.jpg,009089.txt
2008_003514.jpg,2008_003514.txt
2010_002582.jpg,2010_002582.txt
2010_001179.jpg,2010_001179.txt
000276.jpg,000276.txt
2011_001691.jpg,2011_001691.txt
2008_002340.jpg,2008_002340.txt
2008_001626.jpg,2008_001626.txt
2010_001216.jpg,2010_001216.txt
2009_002194.jpg,2009_002194.txt
005903.jpg,005903.txt
006264.jpg,006264.txt
000443.jpg,000443.txt
2011_002553.jpg,2011_002553.txt
2011_000322.jpg,2011_000322.txt
2010_002578.jpg,2010_002578.txt
2008_006145.jpg,2008_006145.txt
003654.jpg,003654.txt
007416.jpg,007416.txt
2010_002587.jpg,2010_002587.txt
005423.jpg,005423.txt
009774.jpg,009774.txt
2010_005106.jpg,2010_005106.txt
004135.jpg,004135.txt
2011_001962.jpg,2011_001962.txt
007902.jpg,007902.txt
2008_002425.jpg,2008_002425.txt
2011_001770.jpg,2011_001770.txt
005574.jpg,005574.txt
2009_004451.jpg,2009_004451.txt
2009_000550.jpg,2009_000550.txt
2008_007805.jpg,2008_007805.txt
2010_002803.jpg,2010_002803.txt
000554.jpg,000554.txt
008413.jpg,008413.txt
2008_006604.jpg,2008_006604.txt
2011_001036.jpg,2011_001036.txt
003546.jpg,003546.txt
2009_004199.jpg,2009_004199.txt
2008_002492.jpg,2008_002492.txt
003918.jpg,003918.txt
2010_001691.jpg,2010_001691.txt
2008_001791.jpg,2008_001791.txt
002158.jpg,002158.txt
001194.jpg,001194.txt
009348.jpg,009348.txt
000514.jpg,000514.txt
2010_001749.jpg,2010_001749.txt
2008_006389.jpg,2008_006389.txt
006459.jpg,006459.txt
003528.jpg,003528.txt
2011_002784.jpg,2011_002784.txt
2011_001827.jpg,2011_001827.txt
2008_003610.jpg,2008_003610.txt
000122.jpg,000122.txt
2011_002559.jpg,2011_002559.txt
2009_001749.jpg,2009_001749.txt
2010_003123.jpg,2010_003123.txt
002735.jpg,002735.txt
005636.jpg,005636.txt
2008_002495.jpg,2008_002495.txt
2008_000215.jpg,2008_000215.txt
009288.jpg,009288.txt
2008_004986.jpg,2008_004986.txt
2010_003800.jpg,2010_003800.txt
2010_005570.jpg,2010_005570.txt
2011_002921.jpg,2011_002921.txt
001563.jpg,001563.txt
2010_003874.jpg,2010_003874.txt
004464.jpg,004464.txt
2011_000772.jpg,2011_000772.txt
003007.jpg,003007.txt
002513.jpg,002513.txt
2010_005978.jpg,2010_005978.txt
2009_002688.jpg,2009_002688.txt
005764.jpg,005764.txt
2010_000947.jpg,2010_000947.txt
000590.jpg,000590.txt
2008_002321.jpg,2008_002321.txt
2008_005088.jpg,2008_005088.txt
2009_004886.jpg,2009_004886.txt
2009_003394.jpg,2009_003394.txt
2009_001550.jpg,2009_001550.txt
2009_005267.jpg,2009_005267.txt
004863.jpg,004863.txt
009270.jpg,009270.txt
001472.jpg,001472.txt
2010_003632.jpg,2010_003632.txt
2008_008628.jpg,2008_008628.txt
001258.jpg,001258.txt
2010_001343.jpg,2010_001343.txt
2008_005220.jpg,2008_005220.txt
2008_005359.jpg,2008_005359.txt
2008_003203.jpg,2008_003203.txt
009479.jpg,009479.txt
007394.jpg,007394.txt
002291.jpg,002291.txt
2008_007364.jpg,2008_007364.txt
2010_002639.jpg,2010_002639.txt
2008_000187.jpg,2008_000187.txt
2008_006874.jpg,2008_006874.txt
2009_004645.jpg,2009_004645.txt
2011_000194.jpg,2011_000194.txt
2009_004402.jpg,2009_004402.txt
2010_001487.jpg,2010_001487.txt
2011_001277.jpg,2011_001277.txt
2009_001452.jpg,2009_001452.txt
2010_003252.jpg,2010_003252.txt
2009_004436.jpg,2009_004436.txt
2010_004105.jpg,2010_004105.txt
009347.jpg,009347.txt
2010_004179.jpg,2010_004179.txt
000694.jpg,000694.txt
003231.jpg,003231.txt
2008_005891.jpg,2008_005891.txt
001053.jpg,001053.txt
2010_004451.jpg,2010_004451.txt
2010_001806.jpg,2010_001806.txt
2010_000165.jpg,2010_000165.txt
005652.jpg,005652.txt
2010_003097.jpg,2010_003097.txt
002826.jpg,002826.txt
2008_005549.jpg,2008_005549.txt
2008_003587.jpg,2008_003587.txt
2008_006470.jpg,2008_006470.txt
003032.jpg,003032.txt
009796.jpg,009796.txt
2011_001698.jpg,2011_001698.txt
2009_004037.jpg,2009_004037.txt
009819.jpg,009819.txt
005918.jpg,005918.txt
007606.jpg,007606.txt
003098.jpg,003098.txt
2008_006579.jpg,2008_006579.txt
2009_001229.jpg,2009_001229.txt
2008_001227.jpg,2008_001227.txt
2008_003905.jpg,2008_003905.txt
006987.jpg,006987.txt
2010_004304.jpg,2010_004304.txt
008116.jpg,008116.txt
2008_005796.jpg,2008_005796.txt
2008_001854.jpg,2008_001854.txt
2008_001041.jpg,2008_001041.txt
003362.jpg,003362.txt
004852.jpg,004852.txt
2010_002348.jpg,2010_002348.txt
003082.jpg,003082.txt
008621.jpg,008621.txt
2008_005752.jpg,2008_005752.txt
009945.jpg,009945.txt
005644.jpg,005644.txt
003339.jpg,003339.txt
2008_007964.jpg,2008_007964.txt
2009_003278.jpg,2009_003278.txt
2008_000756.jpg,2008_000756.txt
003620.jpg,003620.txt
2008_001215.jpg,2008_001215.txt
2011_000961.jpg,2011_000961.txt
2010_001957.jpg,2010_001957.txt
000496.jpg,000496.txt
2011_000566.jpg,2011_000566.txt
2011_000434.jpg,2011_000434.txt
2008_000469.jpg,2008_000469.txt
004788.jpg,004788.txt
2010_003478.jpg,2010_003478.txt
2009_000052.jpg,2009_000052.txt
2008_006567.jpg,2008_006567.txt
009477.jpg,009477.txt
2010_004116.jpg,2010_004116.txt
2010_000948.jpg,2010_000948.txt
2008_003208.jpg,2008_003208.txt
2009_004050.jpg,2009_004050.txt
2010_003644.jpg,2010_003644.txt
2008_003100.jpg,2008_003100.txt
2008_000917.jpg,2008_000917.txt
005438.jpg,005438.txt
2010_001614.jpg,2010_001614.txt
000713.jpg,000713.txt
2011_002142.jpg,2011_002142.txt
009524.jpg,009524.txt
2008_002408.jpg,2008_002408.txt
2009_003800.jpg,2009_003800.txt
2010_004634.jpg,2010_004634.txt
2008_000659.jpg,2008_000659.txt
2008_008443.jpg,2008_008443.txt
2010_001987.jpg,2010_001987.txt
2008_006776.jpg,2008_006776.txt
2008_000842.jpg,2008_000842.txt
2009_003323.jpg,2009_003323.txt
006066.jpg,006066.txt
2008_007664.jpg,2008_007664.txt
2009_002573.jpg,2009_002573.txt
2008_006081.jpg,2008_006081.txt
004859.jpg,004859.txt
2008_008474.jpg,2008_008474.txt
2011_002097.jpg,2011_002097.txt
2010_005953.jpg,2010_005953.txt
2009_004157.jpg,2009_004157.txt
007639.jpg,007639.txt
007308.jpg,007308.txt
2010_004133.jpg,2010_004133.txt
2011_000898.jpg,2011_000898.txt
2008_006192.jpg,2008_006192.txt
005278.jpg,005278.txt
005129.jpg,005129.txt
2008_006027.jpg,2008_006027.txt
2011_002917.jpg,2011_002917.txt
003102.jpg,003102.txt
2008_003168.jpg,2008_003168.txt
2010_002561.jpg,2010_002561.txt
2010_004104.jpg,2010_004104.txt
008036.jpg,008036.txt
2011_001071.jpg,2011_001071.txt
000563.jpg,000563.txt
004649.jpg,004649.txt
2008_004767.jpg,2008_004767.txt
004896.jpg,004896.txt
2008_002064.jpg,2008_002064.txt
2010_001767.jpg,2010_001767.txt
2009_004075.jpg,2009_004075.txt
2008_000878.jpg,2008_000878.txt
2010_000131.jpg,2010_000131.txt
2010_001010.jpg,2010_001010.txt
2011_003169.jpg,2011_003169.txt
2010_003844.jpg,2010_003844.txt
2009_003183.jpg,2009_003183.txt
2008_005336.jpg,2008_005336.txt
2008_002524.jpg,2008_002524.txt
001442.jpg,001442.txt
2009_000422.jpg,2009_000422.txt
2008_002588.jpg,2008_002588.txt
004220.jpg,004220.txt
004466.jpg,004466.txt
004976.jpg,004976.txt
2010_003539.jpg,2010_003539.txt
009917.jpg,009917.txt
2010_000770.jpg,2010_000770.txt
002540.jpg,002540.txt
2008_008122.jpg,2008_008122.txt
2009_002675.jpg,2009_002675.txt
2009_001472.jpg,2009_001472.txt
009732.jpg,009732.txt
2011_002533.jpg,2011_002533.txt
004812.jpg,004812.txt
2009_001810.jpg,2009_001810.txt
002702.jpg,002702.txt
2010_001520.jpg,2010_001520.txt
2010_000846.jpg,2010_000846.txt
2010_001225.jpg,2010_001225.txt
2010_001412.jpg,2010_001412.txt
2011_000656.jpg,2011_000656.txt
2011_000095.jpg,2011_000095.txt
2009_000198.jpg,2009_000198.txt
2009_003852.jpg,2009_003852.txt
2008_003718.jpg,2008_003718.txt
004973.jpg,004973.txt
2011_002149.jpg,2011_002149.txt
2010_003146.jpg,2010_003146.txt
2011_002509.jpg,2011_002509.txt
2008_003382.jpg,2008_003382.txt
2011_000893.jpg,2011_000893.txt
009197.jpg,009197.txt
2010_003983.jpg,2010_003983.txt
2010_000145.jpg,2010_000145.txt
2008_003462.jpg,2008_003462.txt
006009.jpg,006009.txt
008747.jpg,008747.txt
2010_001085.jpg,2010_001085.txt
002417.jpg,002417.txt
2011_002765.jpg,2011_002765.txt
002615.jpg,002615.txt
2008_000421.jpg,2008_000421.txt
2010_003303.jpg,2010_003303.txt
2009_000886.jpg,2009_000886.txt
2010_004089.jpg,2010_004089.txt
2010_001016.jpg,2010_001016.txt
009238.jpg,009238.txt
2008_007665.jpg,2008_007665.txt
002976.jpg,002976.txt
2008_006282.jpg,2008_006282.txt
2009_000444.jpg,2009_000444.txt
2010_002856.jpg,2010_002856.txt
2010_005310.jpg,2010_005310.txt
006455.jpg,006455.txt
2008_006327.jpg,2008_006327.txt
2011_000556.jpg,2011_000556.txt
2008_004003.jpg,2008_004003.txt
2008_001586.jpg,2008_001586.txt
2008_005628.jpg,2008_005628.txt
001239.jpg,001239.txt
2009_001781.jpg,2009_001781.txt
007144.jpg,007144.txt
2008_004920.jpg,2008_004920.txt
2008_006920.jpg,2008_006920.txt
2008_006275.jpg,2008_006275.txt
2008_004431.jpg,2008_004431.txt
003390.jpg,003390.txt
004879.jpg,004879.txt
2008_003781.jpg,2008_003781.txt
2008_006482.jpg,2008_006482.txt
2009_003752.jpg,2009_003752.txt
2009_004530.jpg,2009_004530.txt
2010_000711.jpg,2010_000711.txt
2008_006239.jpg,2008_006239.txt
007724.jpg,007724.txt
2010_002695.jpg,2010_002695.txt
007054.jpg,007054.txt
004300.jpg,004300.txt
2009_002128.jpg,2009_002128.txt
2009_002521.jpg,2009_002521.txt
008416.jpg,008416.txt
2008_001090.jpg,2008_001090.txt
2010_000526.jpg,2010_000526.txt
2008_007797.jpg,2008_007797.txt
2009_002449.jpg,2009_002449.txt
007149.jpg,007149.txt
2010_003101.jpg,2010_003101.txt
2008_002197.jpg,2008_002197.txt
2008_003426.jpg,2008_003426.txt
2009_004921.jpg,2009_004921.txt
007987.jpg,007987.txt
2010_005767.jpg,2010_005767.txt
2009_003802.jpg,2009_003802.txt
2008_003026.jpg,2008_003026.txt
008211.jpg,008211.txt
2010_002283.jpg,2010_002283.txt
2008_003406.jpg,2008_003406.txt
2009_003709.jpg,2009_003709.txt
2010_002871.jpg,2010_002871.txt
2010_003191.jpg,2010_003191.txt
2009_001754.jpg,2009_001754.txt
2010_000697.jpg,2010_000697.txt
2008_006219.jpg,2008_006219.txt
2010_003942.jpg,2010_003942.txt
2010_001860.jpg,2010_001860.txt
2008_002145.jpg,2008_002145.txt
2008_000435.jpg,2008_000435.txt
2009_002057.jpg,2009_002057.txt
009215.jpg,009215.txt
2008_008233.jpg,2008_008233.txt
2010_001273.jpg,2010_001273.txt
2008_000174.jpg,2008_000174.txt
2008_007949.jpg,2008_007949.txt
007675.jpg,007675.txt
2010_003730.jpg,2010_003730.txt
2010_001978.jpg,2010_001978.txt
2010_005169.jpg,2010_005169.txt
007798.jpg,007798.txt
2010_005835.jpg,2010_005835.txt
002086.jpg,002086.txt
2009_001120.jpg,2009_001120.txt
2008_004110.jpg,2008_004110.txt
2010_005309.jpg,2010_005309.txt
2010_000384.jpg,2010_000384.txt
2008_001615.jpg,2008_001615.txt
2008_007632.jpg,2008_007632.txt
2010_005433.jpg,2010_005433.txt
2009_002976.jpg,2009_002976.txt
003521.jpg,003521.txt
009058.jpg,009058.txt
2010_002917.jpg,2010_002917.txt
009666.jpg,009666.txt
004122.jpg,004122.txt
2009_003212.jpg,2009_003212.txt
005079.jpg,005079.txt
2008_004339.jpg,2008_004339.txt
2008_001863.jpg,2008_001863.txt
2009_002830.jpg,2009_002830.txt
2008_005221.jpg,2008_005221.txt
009459.jpg,009459.txt
2010_003343.jpg,2010_003343.txt
007489.jpg,007489.txt
2008_001238.jpg,2008_001238.txt
000026.jpg,000026.txt
2008_001257.jpg,2008_001257.txt
2008_002167.jpg,2008_002167.txt
2008_007067.jpg,2008_007067.txt
003120.jpg,003120.txt
002276.jpg,002276.txt
002410.jpg,002410.txt
003826.jpg,003826.txt
2011_001845.jpg,2011_001845.txt
2008_004812.jpg,2008_004812.txt
004552.jpg,004552.txt
003344.jpg,003344.txt
004832.jpg,004832.txt
007289.jpg,007289.txt
002594.jpg,002594.txt
2008_005970.jpg,2008_005970.txt
003057.jpg,003057.txt
2008_005803.jpg,2008_005803.txt
004841.jpg,004841.txt
2008_008402.jpg,2008_008402.txt
001517.jpg,001517.txt
2008_004950.jpg,2008_004950.txt
2008_004522.jpg,2008_004522.txt
007968.jpg,007968.txt
2011_001558.jpg,2011_001558.txt
008701.jpg,008701.txt
2008_004331.jpg,2008_004331.txt
002213.jpg,002213.txt
2011_002503.jpg,2011_002503.txt
009634.jpg,009634.txt
2009_003950.jpg,2009_003950.txt
2010_002618.jpg,2010_002618.txt
2010_000431.jpg,2010_000431.txt
2008_005146.jpg,2008_005146.txt
2008_002583.jpg,2008_002583.txt
2008_002687.jpg,2008_002687.txt
2010_005805.jpg,2010_005805.txt
002854.jpg,002854.txt
2009_001240.jpg,2009_001240.txt
002215.jpg,002215.txt
002715.jpg,002715.txt
2010_005424.jpg,2010_005424.txt
2010_000090.jpg,2010_000090.txt
2010_004165.jpg,2010_004165.txt
2008_005117.jpg,2008_005117.txt
000050.jpg,000050.txt
004984.jpg,004984.txt
000802.jpg,000802.txt
001721.jpg,001721.txt
2010_002029.jpg,2010_002029.txt
2011_000730.jpg,2011_000730.txt
2008_005560.jpg,2008_005560.txt
2009_005229.jpg,2009_005229.txt
004652.jpg,004652.txt
007323.jpg,007323.txt
008931.jpg,008931.txt
2009_001242.jpg,2009_001242.txt
2009_003912.jpg,2009_003912.txt
2011_001029.jpg,2011_001029.txt
002376.jpg,002376.txt
2010_004074.jpg,2010_004074.txt
006585.jpg,006585.txt
2009_004947.jpg,2009_004947.txt
006235.jpg,006235.txt
2009_003253.jpg,2009_003253.txt
2010_005870.jpg,2010_005870.txt
2009_000932.jpg,2009_000932.txt
006919.jpg,006919.txt
2008_001513.jpg,2008_001513.txt
003308.jpg,003308.txt
000849.jpg,000849.txt
2008_006857.jpg,2008_006857.txt
2011_000103.jpg,2011_000103.txt
2008_002176.jpg,2008_002176.txt
2009_001806.jpg,2009_001806.txt
2009_001134.jpg,2009_001134.txt
2011_002413.jpg,2011_002413.txt
2009_004329.jpg,2009_004329.txt
006314.jpg,006314.txt
2009_002456.jpg,2009_002456.txt
2008_004411.jpg,2008_004411.txt
001064.jpg,001064.txt
008068.jpg,008068.txt
2009_002638.jpg,2009_002638.txt
2011_000208.jpg,2011_000208.txt
001603.jpg,001603.txt
2011_001422.jpg,2011_001422.txt
2010_000583.jpg,2010_000583.txt
2010_005732.jpg,2010_005732.txt
004224.jpg,004224.txt
2009_004273.jpg,2009_004273.txt
003489.jpg,003489.txt
2010_003112.jpg,2010_003112.txt
2008_008150.jpg,2008_008150.txt
002442.jpg,002442.txt
2009_002235.jpg,2009_002235.txt
003253.jpg,003253.txt
2010_005119.jpg,2010_005119.txt
001384.jpg,001384.txt
2008_004621.jpg,2008_004621.txt
009438.jpg,009438.txt
002220.jpg,002220.txt
2009_001594.jpg,2009_001594.txt
2010_003687.jpg,2010_003687.txt
2011_001873.jpg,2011_001873.txt
2008_004794.jpg,2008_004794.txt
2009_003671.jpg,2009_003671.txt
2010_002046.jpg,2010_002046.txt
2011_001004.jpg,2011_001004.txt
2010_002326.jpg,2010_002326.txt
2008_003155.jpg,2008_003155.txt
2008_001751.jpg,2008_001751.txt
2011_002567.jpg,2011_002567.txt
2008_006370.jpg,2008_006370.txt
2008_000443.jpg,2008_000443.txt
2009_001839.jpg,2009_001839.txt
2011_001840.jpg,2011_001840.txt
2010_001868.jpg,2010_001868.txt
2008_000640.jpg,2008_000640.txt
2009_002697.jpg,2009_002697.txt
2009_001623.jpg,2009_001623.txt
006605.jpg,006605.txt
006180.jpg,006180.txt
2010_004306.jpg,2010_004306.txt
2008_005968.jpg,2008_005968.txt
2008_005032.jpg,2008_005032.txt
2009_005128.jpg,2009_005128.txt
2008_002653.jpg,2008_002653.txt
2008_004749.jpg,2008_004749.txt
2009_001082.jpg,2009_001082.txt
2008_004540.jpg,2008_004540.txt
2010_004222.jpg,2010_004222.txt
2009_000709.jpg,2009_000709.txt
2008_004270.jpg,2008_004270.txt
2008_007676.jpg,2008_007676.txt
2008_005405.jpg,2008_005405.txt
2011_002049.jpg,2011_002049.txt
2008_002150.jpg,2008_002150.txt
2010_003050.jpg,2010_003050.txt
2008_003697.jpg,2008_003697.txt
008518.jpg,008518.txt
2008_001802.jpg,2008_001802.txt
007497.jpg,007497.txt
2008_007260.jpg,2008_007260.txt
001892.jpg,001892.txt
2008_005040.jpg,2008_005040.txt
2011_000996.jpg,2011_000996.txt
2010_005723.jpg,2010_005723.txt
2010_001479.jpg,2010_001479.txt
2011_000359.jpg,2011_000359.txt
001821.jpg,001821.txt
001360.jpg,001360.txt
005111.jpg,005111.txt
2009_004019.jpg,2009_004019.txt
2008_008179.jpg,2008_008179.txt
2008_001841.jpg,2008_001841.txt
2008_006954.jpg,2008_006954.txt
2010_005155.jpg,2010_005155.txt
2010_000293.jpg,2010_000293.txt
2009_001354.jpg,2009_001354.txt
2009_000343.jpg,2009_000343.txt
2008_007120.jpg,2008_007120.txt
2009_001105.jpg,2009_001105.txt
2009_002054.jpg,2009_002054.txt
2008_005115.jpg,2008_005115.txt
2009_003155.jpg,2009_003155.txt
000462.jpg,000462.txt
2011_003150.jpg,2011_003150.txt
2011_001060.jpg,2011_001060.txt
005796.jpg,005796.txt
2010_002901.jpg,2010_002901.txt
001586.jpg,001586.txt
2008_004470.jpg,2008_004470.txt
009809.jpg,009809.txt
2011_000058.jpg,2011_000058.txt
000805.jpg,000805.txt
004936.jpg,004936.txt
008884.jpg,008884.txt
2009_002137.jpg,2009_002137.txt
2009_004232.jpg,2009_004232.txt
2009_000016.jpg,2009_000016.txt
004133.jpg,004133.txt
2009_001718.jpg,2009_001718.txt
2008_004559.jpg,2008_004559.txt
2008_005463.jpg,2008_005463.txt
2010_004987.jpg,2010_004987.txt
2010_000983.jpg,2010_000983.txt
003808.jpg,003808.txt
002171.jpg,002171.txt
2010_004391.jpg,2010_004391.txt
2008_001210.jpg,2008_001210.txt
2011_002631.jpg,2011_002631.txt
000034.jpg,000034.txt
003936.jpg,003936.txt
2010_005837.jpg,2010_005837.txt
2009_001846.jpg,2009_001846.txt
2008_000745.jpg,2008_000745.txt
2010_004919.jpg,2010_004919.txt
004872.jpg,004872.txt
2008_002377.jpg,2008_002377.txt
2008_007848.jpg,2008_007848.txt
2011_000276.jpg,2011_000276.txt
008320.jpg,008320.txt
2011_000698.jpg,2011_000698.txt
2010_001421.jpg,2010_001421.txt
2009_005094.jpg,2009_005094.txt
2008_001652.jpg,2008_001652.txt
2008_006059.jpg,2008_006059.txt
008317.jpg,008317.txt
2009_003068.jpg,2009_003068.txt
2010_001717.jpg,2010_001717.txt
2011_000319.jpg,2011_000319.txt
2010_001747.jpg,2010_001747.txt
2009_004940.jpg,2009_004940.txt
2008_000884.jpg,2008_000884.txt
2009_003637.jpg,2009_003637.txt
007776.jpg,007776.txt
2010_004795.jpg,2010_004795.txt
2008_003402.jpg,2008_003402.txt
2008_007384.jpg,2008_007384.txt
2008_002152.jpg,2008_002152.txt
2009_000142.jpg,2009_000142.txt
008997.jpg,008997.txt
2009_003312.jpg,2009_003312.txt
2009_000339.jpg,2009_000339.txt
008107.jpg,008107.txt
008397.jpg,008397.txt
2008_001120.jpg,2008_001120.txt
001526.jpg,001526.txt
2011_002100.jpg,2011_002100.txt
2008_006715.jpg,2008_006715.txt
000170.jpg,000170.txt
005539.jpg,005539.txt
2010_000591.jpg,2010_000591.txt
2008_008194.jpg,2008_008194.txt
2008_004274.jpg,2008_004274.txt
003911.jpg,003911.txt
2008_001624.jpg,2008_001624.txt
2010_005266.jpg,2010_005266.txt
2009_004956.jpg,2009_004956.txt
2009_003922.jpg,2009_003922.txt
2010_000750.jpg,2010_000750.txt
2010_002656.jpg,2010_002656.txt
008573.jpg,008573.txt
2010_003721.jpg,2010_003721.txt
2009_002705.jpg,2009_002705.txt
2009_001443.jpg,2009_001443.txt
2009_002763.jpg,2009_002763.txt
2011_002583.jpg,2011_002583.txt
000934.jpg,000934.txt
2010_002808.jpg,2010_002808.txt
2010_005628.jpg,2010_005628.txt
008082.jpg,008082.txt
2008_008527.jpg,2008_008527.txt
2008_000045.jpg,2008_000045.txt
2008_002701.jpg,2008_002701.txt
000771.jpg,000771.txt
001066.jpg,001066.txt
2010_002318.jpg,2010_002318.txt
004955.jpg,004955.txt
005550.jpg,005550.txt
2009_002785.jpg,2009_002785.txt
2010_005700.jpg,2010_005700.txt
2008_002926.jpg,2008_002926.txt
002546.jpg,002546.txt
003149.jpg,003149.txt
000610.jpg,000610.txt
009882.jpg,009882.txt
2010_002121.jpg,2010_002121.txt
2008_001260.jpg,2008_001260.txt
2008_005303.jpg,2008_005303.txt
2009_002238.jpg,2009_002238.txt
2010_002988.jpg,2010_002988.txt
2008_004427.jpg,2008_004427.txt
2008_007836.jpg,2008_007836.txt
000635.jpg,000635.txt
005036.jpg,005036.txt
001325.jpg,001325.txt
004263.jpg,004263.txt
2010_002763.jpg,2010_002763.txt
2010_001823.jpg,2010_001823.txt
003210.jpg,003210.txt
2010_001594.jpg,2010_001594.txt
2011_000986.jpg,2011_000986.txt
000123.jpg,000123.txt
004264.jpg,004264.txt
2008_005738.jpg,2008_005738.txt
2009_003034.jpg,2009_003034.txt
2010_003598.jpg,2010_003598.txt
009887.jpg,009887.txt
2010_003248.jpg,2010_003248.txt
2010_006033.jpg,2010_006033.txt